bp_percentage,dp,ensemble_diversity,ent_3,ent_4,ent_5,ent_6,ent_7,ent_8,expected_accuracy,fe_per,gc_percentage,pos_entropy,seq
0.608695652174,((((((.......((((.......))))...(((()))).)))))),0.208758873173,0.817179824049,0.914284263652,0.961343206253,0.98179000866,1.0,1.0,0.556405093499,4902.09307572,0.760869565217,0.322242966988,GGCCUGUCCAGCGUGACUCAUAGGGUCGGGGGGGCGCCAGCGGGCC
0.608695652174,((((((.......((((.......))))...(((()))).)))))),0.210509922007,0.86254167635,0.936763697651,0.973507282369,1.0,1.0,1.0,0.510273609663,4347.97826087,0.760869565217,0.262038409703,GAGGGCGAUGUCCGGCGACGGCGGUGCCCCAGGUGCACUCGCCCUC
0.608695652174,((((((.......((((.......))))...(((()))).)))))),0.150541155828,0.878777692721,0.95390684492,0.982338188246,1.0,1.0,1.0,0.494279911043,7299.26310343,0.586956521739,0.283666352091,GGGGGGAAGAGAAUGUAAGAGGACUACGGGCAGUUAGCGUCCCCCU
0.608695652174,((((((.......((((.......))))...(((()))).)))))),0.187853723165,0.8308632185,0.939998984556,0.982338188246,1.0,1.0,1.0,0.533860593802,5290.96290439,0.695652173913,0.268143307056,CCGCCCUCCCAAGGGUCUGGUCUUGGCCCCCUGAUAUCUGGGGCGG
0.608695652174,((((((.......((((.......))))...(((()))).)))))),0.0606509028158,0.868826775364,0.957142131826,0.973507282369,0.98179000866,0.990604908765,1.0,0.424729836423,4975.43281915,0.608695652174,0.146784806312,CUGACGUUAGCUGUGUCCCAUGAUGGCGGGAACGUGCGUGCGUCAG
0.608695652174,((((((.......((((.......))))...(((()))).)))))),0.144312097831,0.837148317513,0.936763697651,0.991169094123,1.0,1.0,1.0,0.566107976827,5525.02742156,0.54347826087,0.288416935698,CCAGCUAUGCGAAAUGCUUUGGCGGCGUUUACGCUAGCUUAGCUGG
0.608695652174,((((((.......((((.......))))...(((()))).)))))),0.0950617748068,0.833590034294,0.936763697651,0.991169094123,1.0,1.0,1.0,0.267058466268,4545.59090909,0.695652173913,0.160805704097,GCCUCGGUCUAAUCGGGGCAUUCGCCCGGGCGGAUGUCUGCGGGGU
0.608695652174,((((((.......((((.......))))...(((()))).)))))),0.176875253512,0.849032475774,0.974285279096,1.0,1.0,1.0,1.0,0.468570897471,4587.28922301,0.695652173913,0.217750771324,GGCCGGCGAUCUCCUGGGCAGAUGCCAGGGUGGGAUCCGACUGGCU
0.608695652174,((((((.......((((.......))))...(((()))).)))))),0.379632762463,0.868826775364,0.957142131826,0.991169094123,1.0,1.0,1.0,0.393221423288,6896.66918103,0.652173913043,0.49173812811,CCGCUAGUCCAGCUUGUUGCCUCAGCAGGACGUGCGCGCCUAGUGG
0.608695652174,((((((.......((((.......))))...(((()))).)))))),0.0927248379076,0.90213027553,0.974285279096,0.991169094123,1.0,1.0,1.0,0.484651519265,5747.38527325,0.630434782609,0.148270113267,GCGGUCUCAAUGUGGGUCGAAGACGCCCCUCGUAGUUGUCGACCGC
0.608695652174,((((((.......((((.......))))...(((()))).)))))),0.0307591144862,0.860500900322,0.957142131826,0.991169094123,1.0,1.0,1.0,0.625316645239,4405.57687564,0.630434782609,0.0937944617394,GGGCCACUGGCUGCCCGGACCACCCGGGAAGCUAAUUAUAUGGCCU
0.608695652174,((((((.......((((.......))))...(((()))).)))))),0.131244919118,0.868826775364,0.965713705461,1.0,1.0,1.0,1.0,0.584452435946,6944.35413359,0.630434782609,0.212328537643,UACUCCGCCCCCUGAAAACACAGAUUUCCCGGGCCGGCCUGGAGUG
0.608695652174,((((((.......((((.......))))...(((()))).)))))),0.190209704254,0.840706600732,0.936763697651,0.982338188246,1.0,1.0,1.0,0.489454597872,6451.40625,0.565217391304,0.278420968987,AGACCCUCCCCAUGGGUUGGAAUUACCCCCAAUGCGCAUUGGGUCU
0.608695652174,((((((.......((((.......))))...(((()))).)))))),0.0826444130519,0.863643449829,0.945335271286,0.991169094123,1.0,1.0,1.0,0.70154247396,6451.31602823,0.652173913043,0.163490247801,GCGUCCAGACCAUGCCCUUAUGCUGGGCCCUGUCGCGAUGGGAUGC
0.608695652174,((((((.......((((.......))))...(((()))).)))))),0.228125031667,0.90213027553,0.965713705461,0.982338188246,0.99089500433,1.0,1.0,0.476494402472,6329.18327013,0.630434782609,0.387025026097,GGGCGGCACGGAUUCGCCUAUGCCGCGAGGAUAGUACUUGUCGCCU
0.608695652174,((((((.......((((.......))))...(((()))).)))))),0.0324161762227,0.896946949995,1.0,1.0,1.0,1.0,1.0,0.316127632635,4329.27272344,0.695652173913,0.0766230538791,GCGAGGCCGGACACUGCCUGAGACGCAGGGGUGCUGGCUACUUCGC
0.608695652174,((((((.......((((.......))))...(((()))).)))))),0.160087793866,0.854215801309,0.939998984556,0.991169094123,1.0,1.0,1.0,0.292222553255,4065.18692885,0.652173913043,0.223380859732,UCCGGCUAAAUCAGGGGGAUGUCUUCCCCCUGGCCGGCCUGUCGGA
0.608695652174,((((((.......((((.......))))...(((()))).)))))),0.411596778984,0.852175025281,0.936763697651,0.973507282369,1.0,1.0,1.0,0.352890897588,5649.74004607,0.695652173913,0.495886841538,CGCCUGACUCAUACCACCAAUGGCGUGGGGUGGGCGUCAGCGGGCG
0.608695652174,((((((.......((((.......))))...(((()))).)))))),0.127742136595,0.908415374543,0.974285279096,0.991169094123,1.0,1.0,1.0,0.588805119494,6756.83078287,0.608695652174,0.245437549865,CUCCCGUCUUGCGCUUAGAAUGUUUAAGGGCCCGUACGCACGGGGG
0.608695652174,((((((.......((((.......))))...(((()))).)))))),0.0952861753815,0.910456150571,0.98285685273,1.0,1.0,1.0,1.0,0.48033732433,5681.78379022,0.630434782609,0.181821025061,GCUGCCGUUAUUAGGUAAGGAGCUUGCCCCACGGGCCCUCGGCAGU
0.608695652174,((((((.......((((.......))))...(((()))).)))))),0.429680778081,0.820322373556,0.924528834995,0.97017411213,1.0,1.0,1.0,0.259672503348,4219.77195016,0.739130434783,0.314686198095,GGCGGGGGCCCUCUCCCCGUCAGUGGGGGGAAGACGUCCUCUUGCC
0.608695652174,((((((.......((((.......))))...(((()))).)))))),0.0453998067192,0.845889926267,0.95390684492,0.991169094123,1.0,1.0,1.0,0.39322321813,3788.11357271,0.673913043478,0.0839382133893,UGGCUGGGUCCUGCCCUCAAUUGAGGGGGGUGGGCGCCAACAGCCA
0.608695652174,((((((.......((((.......))))...(((()))).)))))),0.240309274597,0.793303972403,0.891915538165,0.943681394499,0.96924838927,0.990604908765,1.0,0.453203421883,3952.73122095,0.739130434783,0.211556732867,UGUCCCAACCCGAGGGGGGGAAAGCCCCCCCCGCUAGCUCGGGGCA
0.608695652174,((((((.......((((.......))))...(((()))).)))))),0.0807141067877,0.764256218167,0.893905829477,0.955845470615,0.98179000866,1.0,1.0,0.563329122184,5208.60924945,0.760869565217,0.16385505921,UGUGCCCGCGGACGGGUUGCCCGGACCCCCGCGCCGGUUAGGUGCA
0.608695652174,((((((.......((((.......))))...(((()))).)))))),0.287189191328,0.825679892965,0.928192124016,0.973507282369,0.99089500433,1.0,1.0,0.271744301212,5555.50564236,0.673913043478,0.286886383983,GGGCUCUGAUCCGGGGCCAGUUUUGCUCCUCUGCAUGCAGGGGCCC
0.608695652174,((((((.......((((.......))))...(((()))).)))))),0.0928668883252,0.905272825036,0.974285279096,0.991169094123,1.0,1.0,1.0,0.14802620814,5347.66839817,0.608695652174,0.191654476244,UUCGUCGGAUAUUGUGCUGCUGGAGCGCCUCCCCUAGGGAGGCGAA
0.608695652174,((((((.......((((.......))))...(((()))).)))))),0.0327050099537,0.820912301143,0.945335271286,0.991169094123,1.0,1.0,1.0,0.449434318928,4424.82735896,0.630434782609,0.0871214713463,GGGGCUAGCUUUCACGGGCUCCUUCCGUUUAAGGGCCCUUAGCCCC
0.608695652174,((((((.......((((.......))))...(((()))).)))))),0.105977972315,0.860500900322,0.965713705461,0.982338188246,0.99089500433,1.0,1.0,0.581151547394,4902.2305604,0.586956521739,0.220005598709,UGCCAGUGUAAGCCUGCCAGGUCGGUAGGGUUGGUACUAGCUGGCA
0.608695652174,((((((.......((((.......))))...(((()))).)))))),0.158867569201,0.838665824704,0.945335271286,1.0,1.0,1.0,1.0,0.629113386583,4629.56473307,0.782608695652,0.251715653978,CGCGCCGUUGCAUGGCCCUGGCACGGCCUCCGAGCGCUUCGGCGCG
0.608695652174,((((((.......((((.......))))...(((()))).)))))),0.095391849556,0.852175025281,0.928192124016,0.964676376492,0.99089500433,1.0,1.0,0.639166428864,5208.36958474,0.673913043478,0.22742397996,GCCCACAACCCAUGCGCCGAUGGAGCGCCCACCAGUUGUUGUGGGC
0.608695652174,((((((.......((((.......))))...(((()))).)))))),0.156363886908,0.854215801309,0.962478418555,1.0,1.0,1.0,1.0,0.394074913396,4348.11752717,0.652173913043,0.140218279294,GCCUCUUUCUAAGGGGAGGGUGCAUCCCCCUGCUUAGGUCGGGGGC
0.608695652174,((((((.......((((.......))))...(((()))).)))))),0.0620928435448,0.930250450161,0.98285685273,1.0,1.0,1.0,1.0,0.631230383754,6024.58419893,0.565217391304,0.140905587839,AAGUGCGUACCGGGCUUUUGUAUGAGGCCUCAUCUGGGCAGCGCUU
0.608695652174,((((((.......((((.......))))...(((()))).)))))),0.25491116463,0.90213027553,0.98285685273,1.0,1.0,1.0,1.0,0.5109443189,6493.44182073,0.586956521739,0.382976406779,UGCAGAGCGAUUGUCCGGUAAACUCGGAGACGGCUGGCACUCUGCA
0.608695652174,((((((.......((((.......))))...(((()))).)))))),0.0473367913299,0.857358350815,0.957142131826,1.0,1.0,1.0,1.0,0.664971838558,4717.00439986,0.695652173913,0.131875592467,CGGCCCUCGAAUGGCUGGUAAUGUCAGCCCCUGAGCUCGCGGGCCG
0.608695652174,((((((.......((((.......))))...(((()))).)))))),0.0696198931042,0.849032475774,0.957142131826,0.991169094123,1.0,1.0,1.0,0.402955919325,4424.92484236,0.695652173913,0.141110367274,UAUCCCAGGGCACGGCGGGCUAAGCGCCCCCUGCAUGCGCGGGAUA
0.608695652174,((((((.......((((.......))))...(((()))).)))))),0.0458475581721,0.760282201236,0.864955821667,0.928184148143,0.9601433936,0.981209817529,1.0,0.167127633477,4081.82461735,0.826086956522,0.0871582782194,CCCCGUACGAUACGGCGGCAGGCCCGCCCCGACUGCGGCGGCGGGG
0.608695652174,((((((.......((((.......))))...(((()))).)))))),0.170618390362,0.905272825036,0.962478418555,0.991169094123,1.0,1.0,1.0,0.402001316049,5434.8477689,0.652173913043,0.227608640847,GCUGGCGUUGUCUGGCCUUAAACCGGCCCCAAUUCGAGGGGCCAGC
0.608695652174,((((((.......((((.......))))...(((()))).)))))),0.168102776004,0.839604827254,0.945335271286,1.0,1.0,1.0,1.0,0.49022753788,5813.90081411,0.630434782609,0.279038239576,GGCUCCUGGACGUGGAUCCGAUACGUCCCCUACGAUCGUUGGAGCC
0.608695652174,((((((.......((((.......))))...(((()))).)))))),0.163008694333,0.814211468417,0.902477403112,0.964676376492,1.0,1.0,1.0,0.328629012586,3906.40216348,0.782608695652,0.23689838949,CGGGGCAUGUUCGGGGGGCUAACUCCCCCCGUGCGCGCCGGUCCCG
0.608695652174,((((((.......((((.......))))...(((()))).)))))),0.0874060233336,0.855317574787,0.948570558191,1.0,1.0,1.0,1.0,0.565156951596,4065.38192376,0.739130434783,0.120039890829,CUUCCCGUGUCGGGACGGGUGAGCUGUCCCCCGGCGCCAAGGGGAG
0.608695652174,((((((.......((((.......))))...(((()))).)))))),0.0533324312962,0.838665824704,0.931427410921,0.964676376492,0.98179000866,1.0,1.0,0.675474707692,4901.85793478,0.695652173913,0.127142627727,GCCCGCGGUCCUAGGCCCGCCAUUGGCCUCAUAGUACUAGGCGGGC
0.608695652174,((((((.......((((.......))))...(((()))).)))))),0.117893370507,0.820912301143,0.945335271286,0.982338188246,1.0,1.0,1.0,0.651732612719,4716.97639278,0.739130434783,0.224253929114,UGCGCCGCCUAUAGGAGGUUAGUCCUCCCCGCCGGUCGGGGGCGCG
0.608695652174,((((((.......((((.......))))...(((()))).)))))),0.121768844825,0.815728975608,0.919620550381,0.991169094123,1.0,1.0,1.0,0.272902452448,5405.50253378,0.630434782609,0.120054478764,AUCCCCACUCCUCAGGGGCCGUUUCCCUCCCAAUCGAUGGGGGGAU
0.608695652174,((((((.......((((.......))))...(((()))).)))))),0.215912557741,0.849032475774,0.928192124016,0.982338188246,1.0,1.0,1.0,0.511909616134,6097.79272947,0.630434782609,0.301471955093,GCGCUUACGGUCAGGCGGCGAAUCCGCUUUGUGGGUCUUUAGGCGC
0.608695652174,((((((.......((((.......))))...(((()))).)))))),0.208191220529,0.836732583801,0.950671558015,0.982338188246,1.0,1.0,1.0,0.536844743054,4273.70940459,0.739130434783,0.245580931176,GGCCCCCACACCAGCAGGGUGACUCUGCCCCGGUAUGCGGGGGGCU
0.608695652174,((((((.......((((.......))))...(((()))).)))))),0.111782325157,0.901714541817,0.957142131826,0.979005018007,0.99089500433,1.0,1.0,0.421613840225,5988.02957304,0.565217391304,0.178275282376,AAGGCGACUCAAAUCCCUUAAGAUGGGGGGGUCAGCUGUCCGCCUU
0.608695652174,((((((.......((((.......))))...(((()))).)))))),0.213058065944,0.92192457512,0.991428426365,1.0,1.0,1.0,1.0,0.548231820833,7299.29218646,0.630434782609,0.345039315397,UCGGUGCUAAUGACGCCUCUUGCAGGUGGGAAUCCGGGGCCACCGA
0.608695652174,((((((.......((((.......))))...(((()))).)))))),0.282316675107,0.941718874709,0.991428426365,1.0,1.0,1.0,1.0,0.439843458237,11111.0225694,0.521739130435,0.327455859477,UGCGGGCACUCAGUUCUUACAAUCAGAGGGAAGCGUGCAACCUGUA
0.608695652174,((((((.......((((.......))))...(((()))).)))))),0.142844551433,0.90213027553,0.98285685273,0.991169094123,1.0,1.0,1.0,0.491022583526,5235.889866,0.717391304348,0.200390642513,CGCAGGAAACGCUUGGCCCUCUGUGCCGGGAGUCGCGGGACCUGCG
0.608695652174,((((((.......((((.......))))...(((()))).)))))),0.182343973331,0.888621074953,0.939998984556,0.947014564738,0.954475021649,0.962419635058,0.970892252382,0.384127064442,5649.91483419,0.630434782609,0.258118762597,UCUGGGUUGCUAGCGGAACCGUGUUCUGGGUUGCCGGCGCCUCAGA
0.608695652174,((((((.......((((.......))))...(((()))).)))))),0.1312799461,0.865684225857,0.948570558191,1.0,1.0,1.0,1.0,0.425703268973,4878.26829268,0.673913043478,0.212920229412,GGUGGGUGUAGCACGUUCCACGCAGGCGGGGGUUAUGACGCCCACC
0.608695652174,((((((.......((((.......))))...(((()))).)))))),0.114164677793,0.86254167635,0.957142131826,0.991169094123,1.0,1.0,1.0,0.679342160017,5464.37198324,0.630434782609,0.17867307558,GAUCCCUGCGAGGGGACUCCCAAUGUCCUUAUGGCGCCCUGGGAUC
0.608695652174,((((((.......((((.......))))...(((()))).)))))),0.0356106206647,0.838665824704,0.939998984556,0.982338188246,1.0,1.0,1.0,0.446584967353,4975.2586898,0.695652173913,0.108123207638,GGUGGGCAUACGGCGGUCACGAUAGCCGGGCGGCAUGCAGCCUACC
0.608695652174,((((((.......((((.......))))...(((()))).)))))),0.0291231464868,0.795103208593,0.899242116206,0.940348224259,0.972685012989,1.0,1.0,0.617022416496,3367.27253558,0.717391304348,0.067539869532,GGGGCCGCUGUCGGGCCCUUAUGGGGCCCCUCUAGCUAUAGGCCCC
0.608695652174,((((((.......((((.......))))...(((()))).)))))),0.0916527381064,0.849032475774,0.957142131826,0.973507282369,0.98179000866,0.990604908765,1.0,0.583122883285,4273.82926303,0.630434782609,0.149171695004,ACCCCGUACUCUCCGGAGCCUAUCUCCGGGCGGUGUAUUACGGGGU
0.608695652174,((((((.......((((.......))))...(((()))).)))))),0.193688789919,0.860500900322,0.936763697651,0.991169094123,1.0,1.0,1.0,0.455283364449,5681.57959989,0.739130434783,0.315645782093,CGGGCCGAUCGUAGUUCUGCACGCGAGCCCUGCCCGGGUAGGCCCG
0.608695652174,((((((.......((((.......))))...(((()))).)))))),0.152044571143,0.893804400488,0.957142131826,1.0,1.0,1.0,1.0,0.438886146314,5347.71644296,0.673913043478,0.222128635607,GCACGCGAAGACCGUGGAGAGAUAUCGCCCUGCCCGGGUCGCGUGU
0.608695652174,((((((.......((((.......))))...(((()))).)))))),0.107080929663,0.805295665788,0.907385687726,0.943681394499,0.96924838927,0.990604908765,1.0,0.47211915548,3571.72851562,0.760869565217,0.160658908107,GCGGCCCUCGUGGGGGGGAUGGUCCCCCCCCAGUUAGCCUGGCCGU
0.608695652174,((((((.......((((.......))))...(((()))).)))))),0.0594748635856,0.877152650405,0.945335271286,0.982338188246,1.0,1.0,1.0,0.462062428058,5882.34696691,0.565217391304,0.139258716615,GCAUUCACCCUAUGGGGGGAUGUACCCCUCGUGUUGACUAGGAUGC
0.608695652174,((((((.......((((.......))))...(((()))).)))))),0.197125055195,0.905272825036,0.98285685273,1.0,1.0,1.0,1.0,0.590000114763,6896.38631466,0.608695652174,0.342845998093,AGGGCGACUAACAUGGCCGAGUUUGCCGGGUUUCUGGACACGCCCU
0.608695652174,((((((.......((((.......))))...(((()))).)))))),0.121883412814,0.908415374543,0.965713705461,1.0,1.0,1.0,1.0,0.656067122838,5102.03545557,0.673913043478,0.261633570421,GGGCGCAGGUGUUGGGCUUGACGAGCCCCCAAUUCGGAAAGCGCCC
0.608695652174,((((((.......((((.......))))...(((()))).)))))),0.0796752771499,0.853800067596,0.957142131826,0.991169094123,1.0,1.0,1.0,0.411936873665,4504.74773373,0.673913043478,0.108970807844,CCUUGUCGCGCCAAGGGGAUUGCACCCUUUGACCGCGGGGACAGGG
0.608695652174,((((((.......((((.......))))...(((()))).)))))),0.176185342566,0.87196932487,0.948570558191,0.982338188246,0.99089500433,1.0,1.0,0.602577869123,9090.54545455,0.54347826087,0.313051329011,CGGUCUAAAAAUAGUGGGAGACCACCACCUGAAUGCGUCUGGACCG
0.608695652174,((((((.......((((.......))))...(((()))).)))))),0.152447388876,0.850657518089,0.95390684492,0.991169094123,1.0,1.0,1.0,0.432186256221,4065.21932214,0.760869565217,0.168707753894,GCUGCGAUCACGGCGGGGGGUACUCCUGGGUGCCGCGGUCCGCAGC
0.608695652174,((((((.......((((.......))))...(((()))).)))))),0.158598145628,0.811996498514,0.907813689841,0.973507282369,1.0,1.0,1.0,0.620701693183,5154.44323922,0.760869565217,0.247265264321,GCCCCCUUUCCCGGCCCCAUUAGAGGGCCCGACGCGCGCAGGGGGU
0.608695652174,((((((.......((((.......))))...(((()))).)))))),0.144937883364,0.832380725691,0.928192124016,0.964676376492,0.99089500433,1.0,1.0,0.33886935195,4329.22503675,0.717391304348,0.231224653934,UGGGGCUUGUACAGGGCUCCGCAGGCUCCCCUGCCGGCAAGCCCUG
0.608695652174,((((((.......((((.......))))...(((()))).)))))),0.0883568203725,0.896946949995,0.95390684492,0.991169094123,1.0,1.0,1.0,0.438450107194,4950.76698508,0.608695652174,0.150870322174,AGUUGGUCUACGGCCGUUCACCUAACGGGGGGCCUAGGAUCCAGCU
0.608695652174,((((((.......((((.......))))...(((()))).)))))),0.197711290607,0.815139048021,0.907813689841,0.943681394499,0.963580017319,0.981209817529,0.990297417461,0.263805762171,6097.34779805,0.717391304348,0.225567135447,UGGGUCCAAGUUUGGCCCCCUAUAGGCCCCCUGCCGGCGUGGCCCG
0.608695652174,((((((.......((((.......))))...(((()))).)))))),0.146570807816,0.92192457512,0.991428426365,1.0,1.0,1.0,1.0,0.633292644714,7575.54556399,0.521739130435,0.275558221025,UGUUCCAUAUGACGCCGGGUUAAUCGGCUCCAGUAUACUUGGGGCA
0.608695652174,((((((.......((((.......))))...(((()))).)))))),0.182498883397,0.877152650405,0.98285685273,1.0,1.0,1.0,1.0,0.621818535499,6535.98051494,0.608695652174,0.32335695671,GCGGGCGAAAAGAGUGCCGGUUUUGCGCUUACAGGCUUUGGUCCGC
0.608695652174,((((((.......((((.......))))...(((()))).)))))),0.154168749059,0.84274737676,0.939998984556,0.973507282369,1.0,1.0,1.0,0.238363945461,7142.9140625,0.673913043478,0.234907970674,GGCGCCUUACCAGGUCUCGCGCCAGGGCCCAAAAGCUUACGGCGUC
0.608695652174,((((((.......((((.......))))...(((()))).)))))),0.162477312549,0.868826775364,0.95390684492,0.982338188246,1.0,1.0,1.0,0.468498900488,6535.84315791,0.608695652174,0.298386746477,UGAGAGGAUACGACGCCUCAGCCCGGCGGGGGGAUAUCAACUCUCA
0.608695652174,((((((.......((((.......))))...(((()))).)))))),0.098271614134,0.888621074953,0.974285279096,1.0,1.0,1.0,1.0,0.637915777277,5434.81549988,0.565217391304,0.17152189167,CUUGGGGUUUUAUCUCCCUAUGUGGGAGGGUGGACGUCUGCCCAAG
0.608695652174,((((((.......((((.......))))...(((()))).)))))),0.225531547667,0.865684225857,0.965713705461,1.0,1.0,1.0,1.0,0.460586461755,5882.41176471,0.630434782609,0.327912350975,UUGGUGGAUGUGUCCCAGGAUACGUGGGGGCCGACGUCACCGCCAA
0.608695652174,((((((.......((((.......))))...(((()))).)))))),0.197056375642,0.898987726023,0.98285685273,1.0,1.0,1.0,1.0,0.582354014053,4926.29074853,0.608695652174,0.194630941969,GGCUUCGUGCCUGGCCCCCAAAUGGGGUCUAAGUUAGCUAGAGGCC
0.608695652174,((((((.......((((.......))))...(((()))).)))))),0.122864705388,0.853800067596,0.936763697651,0.973507282369,1.0,1.0,1.0,0.618508968334,4975.22876132,0.717391304348,0.24186100431,GGGCGGGGCGAGCUGGGGCAACGCCCCGAAUUAGUGCUAGUCGCCC
0.608695652174,((((((.......((((.......))))...(((()))).)))))),0.0553487600222,0.857358350815,0.957142131826,0.982338188246,1.0,1.0,1.0,0.469238143882,5076.20284913,0.630434782609,0.13855541063,CCCCAGACAACCACUACCCGAGUCGUGGGGUACCUAGGUACUGGGG
0.608695652174,((((((.......((((.......))))...(((()))).)))))),0.297247118655,0.874010100898,0.965713705461,0.982338188246,0.99089500433,1.0,1.0,0.40308677484,6803.2991954,0.630434782609,0.396989285716,GGGCGUCCCAUGAGCCCCGACGUUGGGUUUCCUUGCGGAGACGUUU
0.608695652174,((((((.......((((.......))))...(((()))).)))))),0.0839700055221,0.890661850982,0.974285279096,1.0,1.0,1.0,1.0,0.437125576076,4566.50700019,0.652173913043,0.163850695737,ACCUGGGCGAGGUCGGCCUCUUGUGCCGGGGCCAAUUGCACUAGGU
0.608695652174,((((((.......((((.......))))...(((()))).)))))),0.081023742203,0.795518942305,0.919620550381,0.973507282369,0.99089500433,1.0,1.0,0.430568284532,3952.73523527,0.760869565217,0.149800439681,UGCCCGUUACUGGCCCCCUCUACUGGGGGGAAGCGCGCCGCGGGCG
0.608695652174,((((((.......((((.......))))...(((()))).)))))),0.12311684395,0.874010100898,0.965713705461,0.982338188246,0.99089500433,1.0,1.0,0.588640412041,4444.76006944,0.673913043478,0.185890487831,GAGAGCAAGGCUGGGCCCUACGGGGGCCCCGCAGGUUUGAGUUCUC
0.608695652174,((((((.......((((.......))))...(((()))).)))))),0.259957936313,0.865684225857,0.948570558191,0.973507282369,0.98179000866,0.990604908765,1.0,0.38008989248,7633.57253537,0.586956521739,0.301111454121,CGGGGCUUAUCCAGACUUGGGCUUAGUCCUCACUCGAGCAGUCUCG
0.608695652174,((((((.......((((.......))))...(((()))).)))))),0.067337791416,0.855317574787,0.957142131826,1.0,1.0,1.0,1.0,0.422306013933,4366.80793299,0.739130434783,0.161299903788,CGCCGCGUAUGAGGGCGGGGGCAUCGCCUCUAGCUGGCUUGCGGCG
0.608695652174,((((((.......((((.......))))...(((()))).)))))),0.089962095503,0.846991699746,0.957142131826,0.991169094123,1.0,1.0,1.0,0.619077585268,4065.150407,0.739130434783,0.168086218513,GCCGCCUUAGCAGGCCCCUCAUCUGGGCCUGACGCGUGACGGCGGC
0.608695652174,((((((.......((((.......))))...(((()))).)))))),0.221620897477,0.826781666443,0.945335271286,0.982338188246,1.0,1.0,1.0,0.436995119186,5050.46476212,0.630434782609,0.302986318018,GUUCCCCAGUCCGGGGGGUAGUUGCCCCUCCUCCAUGGAAGGGAAU
0.608695652174,((((((.......((((.......))))...(((()))).)))))),0.11101044802,0.925067124626,0.98285685273,1.0,1.0,1.0,1.0,0.556215175072,4975.57702002,0.652173913043,0.168474596343,UCCUUGGAUCACCCGCUUGCCCAAAGCGGGGAGACGUUCGCAGGGG
0.608695652174,((((((.......((((.......))))...(((()))).)))))),0.0993629763898,0.840116673146,0.922855837287,0.982338188246,1.0,1.0,1.0,0.517473111139,4310.74561528,0.652173913043,0.149709349171,AAGGGGGGACGUUUCGCCAAGGGUGCGGGGCGUUCGAAACCCCCUU
0.608695652174,((((((.......((((.......))))...(((()))).)))))),0.386762034088,0.837148317513,0.948570558191,1.0,1.0,1.0,1.0,0.385115685971,5746.85635801,0.739130434783,0.380791706778,GCGUCCCCGUGCUGGGGGACCCUACCCCUCCUCUCGAGAUGGGCGC
0.608695652174,((((((.......((((.......))))...(((()))).)))))),0.293689362112,0.875111874377,0.974285279096,1.0,1.0,1.0,1.0,0.556023021148,8403.19367796,0.630434782609,0.422824248128,CACCAGGGCCCGGUGCCCACCUAAGGCAAGUCCUGCAGUAUUGGUG
0.608695652174,((((((.......((((.......))))...(((()))).)))))),0.0804858284505,0.865268492144,0.939998984556,0.979005018007,0.99089500433,1.0,1.0,0.448214231611,4367.12657382,0.695652173913,0.124954858777,UAGCUCGCCACGGGGGGGCGAUUACCUCCCGCCUGCAGCAGAGCUG
0.608695652174,((((((.......((((.......))))...(((()))).)))))),0.368934405544,0.833590034294,0.94209998438,0.991169094123,1.0,1.0,1.0,0.455965997214,7936.04750282,0.608695652174,0.45543118852,GCGCGAUCUGUAUUCGCUAUCGUCGUGAAAUGGCGCGCCCUCGCGU
0.608695652174,((((((.......((((.......))))...(((()))).)))))),0.0542708217958,0.857358350815,0.931427410921,0.964676376492,0.98179000866,0.990604908765,1.0,0.567759067301,3891.30326486,0.673913043478,0.140054609166,GAGGCCUUGCGUGAGCGGUAGAACCGCUCCUGACCGGUGAGGCCUC
0.608695652174,((((((.......((((.......))))...(((()))).)))))),0.0528132461876,0.896946949995,0.974285279096,1.0,1.0,1.0,1.0,0.373092199686,6061.06060606,0.521739130435,0.149613751407,GACGCUAGGCUCCAGUGGAAGGAGCGCUUUGUGUUAAUCUAGCGUU
0.608695652174,((((((.......((((.......))))...(((()))).)))))),0.115307995585,0.908415374543,0.991428426365,1.0,1.0,1.0,1.0,0.608541073551,5988.06559474,0.586956521739,0.21089907822,GCCCUGGCGCCAACCCGAAGAUUUUGGGGGUAGUAUAUCACAGGGC
0.608695652174,((((((.......((((.......))))...(((()))).)))))),0.0410195191239,0.797975452046,0.919620550381,0.964676376492,0.98179000866,0.990604908765,1.0,0.319310747813,4132.57431448,0.608695652174,0.0972782672565,GGGGCCUAAGACUAGACUCGGAGAGUCUCUGGGCUAGCUGGGCUCU
0.608695652174,((((((.......((((.......))))...(((()))).)))))),0.0553886036046,0.870867551392,0.957142131826,1.0,1.0,1.0,1.0,0.600150801152,6711.09402666,0.54347826087,0.132642632459,UCCCUAUCUAUUUUGCGGGAUUAACGCGGAAGCCUGGGCCUAGGGA
0.608695652174,((((((.......((((.......))))...(((()))).)))))),0.228534110133,0.84029086702,0.945335271286,0.991169094123,1.0,1.0,1.0,0.534871683075,6024.04814849,0.695652173913,0.351769227827,ACGGGCACAAUAAGGCGGAUUGUCCGUCCCCCCGCGUGCCGCCCGU
0.608695652174,((((((.......((((.......))))...(((()))).)))))),0.030890732223,0.845889926267,0.945335271286,0.982338188246,0.99089500433,1.0,1.0,0.449651588582,3921.91758578,0.739130434783,0.102124371095,GGGCCGGGAAGAAUGCCCCAACGUGGUGGGGCGCGCGCAUCGGCCU
0.608695652174,((((((.......((((.......))))...(((()))).)))))),0.0873354554436,0.90213027553,0.965713705461,0.991169094123,1.0,1.0,1.0,0.559496119622,6944.47240616,0.565217391304,0.202154596311,GGCGCAUUACGUCCGGUUAACCACACCGAACCGAUAUUCUUGCGCC
0.608695652174,((((((.......((((.......))))...(((()))).)))))),0.192255969047,0.874010100898,0.974285279096,1.0,1.0,1.0,1.0,0.318724839357,5682.30092445,0.630434782609,0.309130023617,GCGCUGGCUUCCAUUAGGUGGUGAUUGGGGGCGUAUGCCCCAGCGU
